"","age","sex","marital_status","child","eb","object","title","lr","work_unit","participation","worktime_serve","training_needs","Pressure_management","Psychological_counseling","Health_management","Sleep_service","Family_care_needs","Family_psychological_needs"
"1",2,1,1,3,2,5,3,2,3,1,1,2,2,2,2,2,2,2
"2",3,1,1,3,3,1,3,1,3,1,1,2,1,2,1,1,1,2
"3",2,2,1,1,4,1,3,1,3,1,1,2,2,2,1,1,1,1
"4",3,1,1,3,2,1,3,1,3,1,2,2,2,2,2,2,2,2
"5",2,2,2,1,4,1,3,1,3,1,2,2,2,2,2,2,2,2
"6",1,1,2,1,1,5,2,3,3,1,2,2,2,1,2,2,2,1
"7",2,1,2,1,2,1,2,2,3,1,1,2,1,2,2,1,1,1
"8",2,2,2,1,3,1,1,2,3,1,2,2,2,2,2,2,2,2
"9",3,1,1,3,3,1,4,1,3,1,2,1,1,1,1,1,2,1
"10",2,1,2,1,3,1,2,1,3,1,1,2,1,1,1,1,1,2
"11",2,2,1,2,1,3,2,2,3,1,2,2,2,2,2,2,1,2
"12",3,1,1,2,4,1,4,1,4,1,1,2,1,2,1,1,1,1
"13",2,2,2,1,3,1,2,1,3,1,2,2,1,2,1,2,2,1
"14",3,1,1,3,4,1,4,1,3,1,2,2,2,2,2,2,1,2
"15",2,2,2,1,3,3,3,1,3,1,2,2,1,2,2,2,1,2
"16",4,1,1,2,2,1,5,1,3,1,2,2,2,1,1,2,1,1
"17",1,1,2,1,1,5,2,3,3,1,2,2,2,2,2,2,2,2
"18",2,1,2,1,3,1,2,2,3,1,2,2,2,2,2,2,2,2
"19",2,2,1,2,2,3,3,2,3,1,1,2,1,2,1,1,1,1
"20",2,2,1,1,3,5,3,2,3,1,2,2,2,2,2,2,1,2
"21",3,1,1,2,3,1,5,1,3,1,1,2,1,2,1,1,2,1
"22",2,1,1,2,2,5,3,2,3,1,2,2,2,2,2,2,1,2
"23",4,1,1,2,3,1,4,1,3,1,2,2,2,2,1,2,2,1
"24",3,1,1,3,2,1,3,1,4,1,2,2,2,2,2,2,2,1
"25",2,1,1,2,2,5,2,2,3,1,1,2,2,2,2,2,2,2
"26",3,2,1,3,4,1,4,2,4,1,2,2,2,2,2,2,2,2
"27",3,1,1,3,4,5,5,1,4,1,2,2,2,2,2,2,1,2
"28",2,2,2,1,3,5,2,1,3,1,2,2,2,2,2,2,2,2
"29",3,2,1,2,3,1,3,2,3,1,2,2,2,2,2,2,2,2
"30",2,2,1,2,2,5,3,2,3,1,2,2,2,2,2,2,1,2
"31",2,1,1,3,3,6,3,2,3,1,2,2,2,2,2,2,1,2
"32",2,2,1,2,2,3,2,2,4,1,2,2,2,2,2,2,2,2
"33",2,2,2,1,2,3,2,2,3,1,1,1,1,2,2,1,2,1
"34",3,1,1,3,2,1,4,2,3,1,2,1,1,1,1,2,2,1
"35",3,2,1,2,3,2,3,1,3,1,1,2,2,1,2,1,1,1
"36",2,2,2,1,2,5,2,2,3,1,2,2,1,1,1,2,1,1
"37",2,2,2,1,2,4,1,1,5,1,1,2,2,2,2,1,2,2
"38",1,1,2,1,1,5,2,3,3,1,1,1,1,1,1,1,1,1
"39",3,2,1,3,3,5,4,1,3,1,2,2,2,2,2,2,2,2
"40",3,2,1,2,3,7,3,2,5,1,2,1,2,2,2,2,2,2
"41",2,2,1,2,4,5,2,1,3,1,2,2,1,1,2,2,2,1
"42",2,1,1,3,2,5,3,2,3,1,1,2,2,2,2,2,2,2
"43",1,2,2,1,2,3,2,2,3,1,2,2,1,1,1,1,2,1
"44",3,2,1,2,2,1,3,2,3,1,2,2,2,2,2,2,2,2
"45",2,2,2,1,2,3,2,2,3,1,1,2,1,2,1,1,1,1
"46",2,1,2,1,4,1,3,1,3,1,2,2,2,2,2,1,2,2
"47",3,2,1,2,2,1,3,1,3,1,2,2,2,2,2,2,2,1
"48",1,1,2,1,2,7,2,2,3,1,2,1,1,1,2,2,1,1
"49",2,1,1,2,3,1,2,1,3,1,2,2,1,2,2,2,1,1
"50",2,1,1,3,2,7,2,1,2,1,1,2,1,2,2,1,1,1
"51",2,1,2,1,2,7,1,2,3,1,1,2,1,1,1,1,2,1
"52",3,1,1,3,3,1,3,2,3,1,2,2,1,1,1,1,2,1
"53",3,1,1,2,2,1,4,1,3,1,1,2,1,1,1,1,1,1
"54",4,2,1,3,2,1,5,2,3,1,2,2,1,2,2,2,2,2
"55",2,2,1,2,2,3,3,2,3,1,2,2,2,2,2,2,1,2
"56",2,2,2,1,3,5,2,1,3,1,2,1,1,1,2,1,2,1
"57",2,2,2,1,2,3,2,2,3,1,2,2,2,2,2,2,2,2
"58",3,2,1,2,2,3,3,2,3,1,2,2,2,2,2,2,2,2
"59",1,2,2,1,1,3,2,2,3,1,2,2,1,2,2,2,2,1
"60",1,1,2,1,1,5,2,3,3,1,1,2,2,2,2,1,2,2
"61",3,1,1,2,3,1,3,1,4,1,2,2,2,1,2,2,1,1
"62",3,2,1,3,3,7,3,1,3,1,2,2,1,1,2,1,1,1
"63",2,2,1,2,2,3,2,2,3,1,2,2,2,2,2,2,2,2
"64",2,1,1,2,2,1,3,1,3,1,1,1,2,1,2,1,2,1
"65",2,1,2,1,3,2,2,1,3,1,1,2,1,1,1,1,2,1
"66",3,1,1,2,3,1,3,1,2,1,2,2,2,1,2,2,2,2
"67",2,2,1,2,2,3,3,2,3,1,1,2,1,2,2,1,2,1
"68",2,1,1,2,3,5,2,1,3,1,2,2,1,2,2,1,2,1
"69",3,2,1,2,2,1,2,2,3,1,2,2,2,2,2,2,1,2
"70",1,2,2,1,1,3,2,2,3,1,1,2,2,2,2,1,1,2
"71",3,2,1,3,4,1,5,2,3,1,2,2,2,2,1,1,1,2
"72",3,2,1,2,3,1,4,2,3,1,2,2,2,2,2,2,1,2
"73",2,2,2,1,2,3,2,2,3,1,2,2,1,1,2,2,2,1
"74",2,1,1,1,3,1,3,1,3,1,2,2,2,1,2,1,2,1
"75",2,2,2,1,2,7,2,2,3,1,1,2,1,2,1,1,2,1
"76",2,2,2,1,2,3,2,2,3,1,2,2,1,2,2,1,2,1
"77",2,2,1,1,1,3,2,3,3,1,1,2,1,2,1,2,1,1
"78",1,1,2,1,2,7,1,3,3,1,2,2,2,1,2,1,2,2
"79",3,2,1,2,3,1,3,2,3,1,2,1,2,1,1,2,1,1
"80",2,2,1,2,2,5,2,2,3,1,2,2,2,2,2,2,2,2
"81",2,1,2,1,2,1,2,2,3,1,2,2,1,1,1,2,1,1
"82",2,2,2,1,2,5,2,2,3,1,2,2,2,1,2,2,2,1
"83",3,1,1,3,2,5,3,2,3,1,2,2,2,2,2,2,1,2
"84",2,1,2,1,1,5,2,3,3,1,2,2,2,1,1,2,2,1
"85",2,2,1,2,2,3,3,1,4,1,1,2,2,1,2,1,1,1
"86",3,2,1,2,2,5,3,2,3,1,2,2,2,2,2,2,2,2
"87",2,2,2,1,2,3,2,2,3,1,1,2,2,1,2,2,2,1
"88",4,1,1,2,2,5,3,1,3,1,2,1,1,1,2,2,2,2
"89",2,2,1,2,1,1,2,2,3,1,1,2,1,1,2,2,2,1
"90",2,1,2,1,3,1,3,2,4,1,2,2,1,2,2,2,2,1
"91",4,2,1,2,4,1,4,1,3,1,2,1,1,1,1,2,1,1
"92",3,2,1,3,2,5,3,2,3,1,2,2,1,1,2,2,2,1
"93",2,2,2,1,3,7,2,2,3,1,2,2,2,2,2,1,1,1
"94",3,2,1,3,4,5,4,2,3,1,2,2,1,1,2,2,2,1
"95",2,2,2,1,2,7,2,2,4,1,2,2,2,2,2,2,2,2
"96",3,2,3,2,2,3,3,2,3,1,2,2,2,2,1,2,1,2
"97",2,2,1,2,2,3,3,2,3,1,2,2,2,2,2,2,2,1
"98",3,2,1,2,2,5,3,2,3,1,2,1,2,1,2,2,2,2
"99",2,2,1,2,2,4,2,3,3,1,2,2,2,2,2,1,2,2
"100",3,2,1,2,3,1,3,1,4,1,2,1,2,2,2,1,2,1
"101",4,1,1,2,2,1,5,1,3,1,2,2,1,1,2,1,2,2
"102",2,1,1,1,2,5,2,2,3,1,1,2,2,2,2,2,1,2
"103",2,2,1,2,3,1,3,2,1,1,2,2,2,2,2,2,1,2
"104",4,1,1,2,3,1,4,1,3,1,2,2,1,1,2,2,2,2
"105",3,1,1,2,2,6,3,1,3,1,2,2,2,2,2,1,1,2
"106",3,2,1,2,2,3,3,1,3,1,2,2,2,2,2,2,2,1
"107",2,2,2,1,2,5,3,2,3,1,1,2,2,2,1,1,2,1
"108",4,1,1,2,4,1,5,1,3,1,1,2,1,2,1,1,1,1
"109",4,1,1,3,4,1,5,1,3,1,1,2,1,1,1,1,2,1
"110",3,1,1,2,2,1,3,2,3,1,2,2,1,2,1,1,2,1
"111",2,2,2,1,2,5,2,2,3,1,2,2,2,2,2,1,2,1
"112",2,1,1,2,2,1,3,2,3,1,2,2,2,2,2,1,2,2
"113",2,2,2,1,3,1,2,1,3,1,2,2,2,1,2,2,2,1
"114",2,2,1,3,2,3,2,2,3,1,1,2,2,2,2,2,1,2
"115",2,2,1,1,3,7,2,2,3,1,2,2,1,1,2,2,2,1
"116",2,2,2,1,4,7,3,2,3,1,2,2,2,2,2,2,2,2
"117",1,2,2,1,1,5,1,3,2,1,1,2,2,2,2,2,1,2
"118",2,1,1,1,3,1,2,1,3,1,1,2,1,1,2,1,1,1
"119",2,2,2,1,2,3,2,2,3,1,2,2,2,2,2,1,2,1
"120",4,1,1,2,3,1,5,1,3,1,2,2,1,1,1,2,1,1
"121",3,2,3,2,2,3,3,2,3,1,1,2,2,2,2,1,1,2
"122",3,2,1,2,3,5,4,1,3,1,1,2,2,2,1,1,1,1
"123",3,2,1,3,4,1,4,1,3,1,1,2,2,2,2,1,1,2
"124",3,1,2,1,4,5,3,1,3,1,2,2,1,2,1,2,1,1
"125",2,2,1,2,2,5,3,2,3,1,2,2,2,2,2,2,2,2
"126",2,1,1,2,2,6,3,2,3,1,1,1,1,1,1,1,2,1
"127",2,2,2,1,3,3,2,2,3,1,2,2,2,2,2,2,1,1
"128",4,1,1,2,2,1,5,1,3,1,2,2,1,1,2,1,2,1
"129",2,2,2,1,3,4,2,2,3,1,2,2,1,1,2,2,2,1
"130",4,2,1,3,2,3,4,2,4,1,1,2,2,2,1,2,2,1
"131",2,2,1,1,2,5,3,2,3,1,2,2,2,1,1,2,1,1
"132",2,2,2,1,1,7,1,2,4,1,2,2,2,2,1,2,1,1
"133",2,2,1,2,3,7,3,2,3,1,2,1,1,2,2,2,1,2
"134",2,2,1,2,2,3,2,2,3,1,1,2,1,2,1,1,2,1
"135",2,1,2,1,3,5,2,1,3,1,2,2,2,2,2,2,2,2
"136",2,1,1,1,2,7,3,2,3,1,2,2,1,2,1,1,2,1
"137",2,2,1,2,2,3,3,2,3,1,2,2,1,2,1,2,1,1
"138",3,1,1,2,2,7,1,2,3,1,2,1,1,1,1,2,1,1
"139",3,1,1,2,3,1,3,1,3,1,1,1,1,1,2,2,2,1
"140",2,1,1,1,3,1,3,2,3,1,2,1,2,1,2,2,1,2
"141",3,1,1,3,2,1,4,2,3,1,2,2,1,2,1,1,1,1
"142",3,2,1,2,3,5,3,1,3,1,2,2,2,2,2,1,2,2
"143",3,2,1,2,2,3,2,1,3,1,1,2,2,2,2,2,2,2
"144",1,2,2,1,2,3,2,2,3,1,2,2,1,2,2,2,2,1
"145",2,2,1,2,2,1,2,2,3,1,2,2,1,1,2,2,2,1
"146",3,2,2,1,3,3,3,1,3,1,2,2,1,2,2,2,1,1
"147",3,2,1,3,3,2,4,1,2,1,2,2,2,2,1,1,1,1
"148",2,2,2,1,2,1,1,2,3,1,2,2,2,2,2,2,2,1
"149",3,2,1,2,4,1,4,2,3,1,2,2,2,2,2,2,2,2
"150",2,1,1,2,2,7,1,2,3,1,1,2,2,2,2,1,2,2
"151",3,2,1,2,2,1,2,1,4,1,2,2,2,2,1,1,2,1
"152",2,2,1,2,2,3,2,2,3,1,2,2,2,2,2,2,1,2
"153",2,2,1,3,2,3,3,2,3,1,1,2,1,1,1,2,2,1
"154",2,2,2,1,2,5,2,2,3,1,2,2,2,2,2,1,2,2
"155",3,1,1,3,2,5,3,2,3,1,2,2,2,2,2,2,1,2
"156",3,2,1,2,3,1,4,1,3,1,2,2,2,2,2,2,2,2
"157",3,2,1,2,3,5,3,1,3,1,2,2,2,2,2,1,1,1
"158",2,2,2,1,2,3,2,2,3,1,1,2,1,1,2,1,2,1
"159",3,2,1,1,2,7,4,1,3,1,2,2,2,2,2,2,2,2
"160",3,1,1,2,3,1,3,2,3,1,2,2,2,2,2,1,1,1
"161",3,2,1,2,3,5,3,2,3,1,2,2,2,2,2,1,1,2
"162",3,1,1,2,2,5,3,2,3,1,1,2,1,2,2,1,2,2
"163",3,2,1,3,3,1,3,1,3,1,2,2,2,2,2,2,2,2
"164",2,1,1,2,1,7,2,2,3,1,1,2,1,1,1,1,1,1
"165",3,2,3,1,2,1,3,2,3,1,2,2,2,2,2,2,2,2
"166",3,2,1,3,4,1,4,1,3,1,2,2,2,2,2,2,2,2
"167",2,1,2,1,3,1,3,2,3,1,2,2,2,2,2,2,1,1
"168",5,1,1,2,4,1,5,1,4,1,2,2,2,2,2,2,2,2
"169",2,2,2,1,2,3,2,2,3,1,1,2,2,2,2,2,1,2
"170",4,2,1,2,3,1,5,1,3,1,2,2,2,2,2,1,2,1
"171",4,1,1,2,4,1,5,1,3,1,2,2,2,2,2,2,2,2
"172",4,2,3,2,3,1,5,1,3,1,2,2,2,2,2,2,2,2
"173",2,1,1,3,2,1,3,2,3,1,2,1,1,1,2,2,1,1
"174",4,1,1,3,4,1,5,3,3,1,2,2,2,2,2,1,2,1
"175",3,2,1,3,2,1,3,1,2,1,2,1,2,1,2,2,2,1
"176",5,1,1,2,2,1,5,1,3,1,2,2,2,2,2,2,2,2
"177",2,1,2,1,2,5,2,2,3,1,2,2,2,2,2,2,2,2
"178",1,2,2,1,1,3,2,3,3,1,2,2,1,2,2,2,2,1
"179",4,1,1,2,3,1,5,1,3,1,2,2,1,2,2,2,1,2
"180",4,1,1,2,3,1,5,1,3,1,2,2,2,2,2,2,2,2
"181",3,2,1,3,2,1,4,1,2,1,1,2,2,2,1,2,2,2
"182",2,2,2,1,3,5,2,1,3,1,2,2,1,1,2,1,2,2
"183",2,1,2,1,4,5,3,1,3,1,2,2,2,2,2,2,2,2
"184",2,2,1,2,2,5,3,2,3,1,2,2,2,2,2,2,2,2
"185",2,1,1,1,3,1,2,2,3,1,1,2,2,1,1,2,1,1
"186",1,1,2,1,2,5,2,2,4,1,2,1,1,1,1,1,2,2
"187",3,2,1,3,1,3,3,2,2,1,2,2,1,2,1,2,2,1
"188",3,2,1,2,2,3,3,2,3,1,2,2,2,2,2,2,2,2
"189",2,2,1,1,2,5,2,2,3,1,1,2,2,2,2,1,1,2
"190",3,1,2,1,2,1,3,2,3,1,2,2,2,2,2,2,2,2
"191",3,1,1,3,3,6,3,2,3,1,2,2,1,2,2,2,2,2
"192",2,2,1,2,2,5,2,2,3,1,2,2,2,1,2,2,2,2
"193",3,2,2,1,2,5,2,2,3,1,2,2,2,2,2,2,1,2
"194",4,2,1,2,2,3,3,1,3,1,2,2,1,1,2,1,1,1
"195",4,2,1,1,2,1,5,2,3,1,2,2,2,1,2,2,2,1
"196",2,1,2,1,3,1,2,1,3,1,2,2,1,2,2,2,1,2
"197",4,2,1,2,2,3,3,1,3,1,2,2,2,2,2,2,2,2
"198",2,2,1,2,3,1,2,2,3,1,2,2,2,2,2,2,2,1
"199",2,2,1,1,2,3,2,2,3,1,1,2,1,2,2,1,1,1
"200",3,2,1,2,1,3,2,2,4,1,2,2,2,2,2,2,2,2
"201",3,2,1,2,2,5,3,2,3,1,2,2,2,2,2,2,2,2
"202",3,2,1,2,3,5,3,2,3,1,2,2,2,1,2,1,1,1
"203",3,1,1,3,3,1,4,2,3,1,2,2,2,2,2,2,2,2
"204",2,2,1,2,2,5,2,1,3,1,2,2,2,2,2,2,2,2
"205",2,2,2,1,2,5,1,3,3,1,2,2,1,2,2,1,2,2
"206",3,2,1,2,2,3,3,2,4,1,2,2,2,2,2,2,2,1
"207",3,2,1,2,3,1,4,2,3,1,2,2,1,2,2,2,2,1
"208",2,2,1,3,2,1,3,1,3,1,2,2,2,1,2,1,2,1
"209",5,2,3,2,2,5,3,1,5,1,2,2,2,2,2,2,1,2
"210",2,2,1,2,2,3,3,2,3,1,2,2,2,2,2,2,1,2
"211",3,2,1,2,3,5,3,2,3,1,2,2,2,2,2,2,2,2
"212",3,1,1,3,4,1,4,1,3,1,2,2,2,2,2,2,1,2
"213",3,2,1,2,2,3,3,2,3,1,2,2,2,2,2,1,1,2
"214",3,1,1,2,2,5,3,2,3,1,2,2,1,2,2,1,2,2
"215",2,2,1,2,2,5,3,2,3,1,2,2,1,1,2,2,2,1
"216",3,2,1,2,2,3,3,2,3,1,2,2,2,2,2,2,1,2
"217",3,2,1,2,2,3,3,2,3,1,2,2,2,2,2,1,1,2
"218",2,2,2,1,2,3,2,2,3,1,1,2,2,2,2,1,2,2
"219",2,2,2,1,2,7,3,2,4,1,2,1,2,1,2,1,2,1
"220",3,1,1,2,3,1,3,2,3,1,2,2,1,1,2,1,1,1
"221",2,2,1,2,2,3,2,2,3,1,2,2,2,2,2,2,1,2
"222",3,1,1,1,4,1,3,1,3,1,2,2,2,2,2,2,2,1
"223",5,1,1,2,4,7,5,1,4,1,2,1,1,1,1,1,2,1
"224",3,2,1,3,2,3,3,2,3,1,2,2,1,2,2,2,2,2
"225",3,2,1,2,2,3,3,2,3,1,2,2,2,2,2,2,2,2
"226",5,1,1,2,4,1,4,1,3,1,2,2,1,2,2,1,2,1
"227",4,1,1,2,2,6,5,2,4,1,2,2,1,1,1,1,2,1
"228",3,1,1,3,4,1,5,1,4,1,2,2,1,2,2,2,2,1
"229",2,2,1,3,2,3,2,2,3,1,2,2,2,2,2,2,2,2
"230",3,2,1,3,2,3,2,2,3,1,2,2,2,2,2,1,2,2
"231",2,2,2,1,2,7,3,2,3,1,2,2,2,2,2,2,1,2
"232",2,1,1,2,3,5,3,2,3,1,2,2,1,1,2,2,1,2
"233",3,2,1,2,2,3,3,2,4,1,2,2,2,1,2,1,2,1
"234",3,1,1,2,3,1,3,1,3,1,2,2,1,2,1,1,2,1
"235",2,2,2,1,2,1,2,2,3,1,2,1,1,1,2,2,2,1
"236",4,1,1,2,2,5,4,1,3,1,2,2,2,2,2,2,2,1
"237",2,2,1,2,2,1,2,2,3,1,1,2,1,1,2,1,2,1
"238",3,1,1,3,2,1,3,2,3,1,2,2,1,1,1,1,2,2
"239",5,2,1,2,2,1,5,1,2,1,2,2,2,2,2,2,2,2
"240",2,2,1,2,3,5,3,2,3,1,2,2,2,2,2,2,2,1
"241",3,2,1,3,2,3,3,2,3,1,2,2,2,2,2,2,2,1
"242",3,1,1,3,2,1,4,1,3,1,2,2,2,2,2,1,1,2
"243",2,1,1,2,2,5,3,2,3,1,1,2,1,1,2,1,2,1
"244",2,2,1,2,2,5,2,2,3,1,2,2,2,2,2,1,2,1
"245",3,2,1,3,3,2,3,1,4,1,1,2,2,2,2,2,2,1
"246",2,2,1,2,2,3,3,2,3,1,2,2,1,2,2,1,2,1
"247",3,2,1,2,2,7,3,1,3,1,2,2,2,2,2,2,2,2
"248",2,2,1,2,3,7,3,2,3,1,2,2,2,2,2,2,2,1
"249",3,2,1,2,2,3,3,2,4,1,2,2,2,2,2,2,2,2
"250",3,2,1,3,2,3,3,2,4,1,2,2,2,2,2,2,2,2
"251",3,1,1,2,2,5,3,2,3,1,1,2,1,1,1,1,2,1
"252",4,2,1,2,2,5,5,2,3,1,1,1,1,1,1,1,2,1
"253",3,1,1,3,4,1,3,1,3,1,2,2,2,2,2,2,1,2
"254",3,1,1,3,3,1,3,1,2,1,2,2,1,1,2,2,1,1
"255",4,2,1,2,1,5,2,2,3,1,2,2,2,2,2,1,2,2
"256",5,1,1,2,2,5,4,1,3,1,2,2,2,2,2,2,2,2
"257",2,2,2,1,2,5,3,2,3,1,2,1,1,1,2,1,2,1
"258",4,1,1,2,4,1,5,2,3,1,2,2,1,1,2,1,1,1
"259",3,1,1,3,3,2,4,1,3,1,1,1,1,2,1,1,2,1
"260",2,2,1,3,2,2,3,1,3,1,2,2,2,1,2,2,1,1
"261",2,2,1,1,1,3,2,2,3,1,1,2,2,2,2,1,2,2
"262",4,1,1,3,3,1,5,1,3,1,2,2,1,2,2,2,2,2
"263",2,2,1,1,2,5,2,2,3,1,2,2,2,1,2,1,2,1
"264",2,2,2,1,3,2,3,1,3,1,1,2,1,1,2,2,2,1
"265",2,2,1,1,1,3,2,2,3,1,2,2,1,2,2,2,2,2
"266",2,2,2,1,2,7,1,2,4,1,2,2,1,2,2,2,1,2
"267",2,2,1,1,2,6,2,2,3,1,2,2,2,2,2,2,1,1
"268",4,1,1,2,2,7,3,2,3,1,2,2,2,2,2,1,2,1
"269",2,2,2,1,2,3,2,2,4,1,2,2,2,2,2,2,1,2
"270",5,1,1,2,4,2,5,1,1,1,2,1,1,1,1,1,1,1
"271",2,2,1,2,2,3,2,2,3,1,2,2,2,2,2,2,2,1
"272",4,2,1,2,2,1,5,1,3,1,2,2,2,1,2,2,1,1
"273",4,2,1,2,3,1,5,1,4,1,2,2,2,2,2,2,2,1
"274",2,2,2,1,3,3,2,2,3,1,2,2,2,2,2,1,1,1
"275",4,2,1,2,2,5,3,2,3,1,2,2,2,2,2,2,2,1
"276",3,2,1,2,2,3,3,2,3,1,2,2,1,2,1,1,1,1
"277",1,2,1,1,2,3,2,2,4,1,1,2,2,2,2,2,2,1
"278",4,2,1,2,1,3,3,1,3,1,2,2,1,1,1,2,1,1
"279",2,2,2,1,2,5,2,2,3,1,2,2,2,2,2,2,1,2
"280",3,1,1,2,2,5,3,2,3,1,1,2,1,1,1,1,1,1
"281",3,2,1,3,2,1,3,2,3,1,2,2,2,1,2,2,2,2
"282",4,2,1,2,1,6,3,1,3,1,2,2,1,2,1,2,2,1
"283",2,2,1,1,3,7,3,1,3,1,2,2,2,2,2,2,2,2
"284",3,2,1,2,3,2,3,1,5,1,2,2,1,1,2,2,2,1
"285",4,1,1,2,1,7,1,2,3,1,2,2,1,2,2,1,1,2
"286",1,2,2,1,1,3,2,2,3,1,2,2,1,1,2,2,2,1
"287",2,2,2,1,3,7,1,2,3,1,2,2,2,2,2,2,2,2
"288",4,1,1,3,2,1,4,2,4,1,2,2,1,1,1,1,2,1
"289",2,2,1,2,2,1,2,2,3,1,1,2,1,1,2,1,2,1
"290",3,2,1,3,3,1,4,1,3,1,2,2,2,2,2,2,2,2
"291",3,1,1,2,3,5,3,2,3,1,2,2,1,1,1,1,2,1
"292",4,2,1,2,2,1,4,1,3,1,2,2,2,1,2,2,1,1
"293",3,2,1,2,3,1,3,2,3,1,2,2,2,2,2,2,1,2
"294",5,2,1,2,2,1,5,1,3,1,2,1,2,1,2,1,2,1
"295",4,2,1,1,4,1,5,1,3,1,1,1,1,1,1,1,2,2
"296",2,2,2,1,3,5,2,2,3,1,2,2,2,2,2,2,1,2
"297",2,1,1,3,2,5,2,2,3,1,1,2,1,2,1,2,1,1
"298",4,2,1,2,3,1,5,1,3,1,2,2,2,2,2,1,2,2
"299",4,2,1,3,2,1,4,2,3,1,2,2,2,2,2,2,2,2
"300",3,2,1,2,1,7,1,2,3,1,2,2,2,2,2,2,2,2
"301",4,1,1,2,1,7,3,2,3,1,2,2,1,2,2,1,2,2
"302",2,2,1,1,3,4,3,1,4,1,2,2,2,1,2,2,2,1
"303",2,2,1,1,2,5,2,2,3,1,2,1,1,1,2,1,2,1
"304",2,2,1,2,1,3,2,2,3,1,2,2,2,2,2,2,2,2
"305",2,2,1,3,3,1,3,2,3,1,1,2,2,2,2,1,1,1
"306",3,2,1,2,4,1,4,1,3,1,1,2,2,2,2,2,2,2
"307",3,2,1,2,2,3,2,2,3,1,2,2,2,2,2,2,1,2
"308",4,1,1,3,1,7,5,2,3,1,2,2,2,2,2,1,2,2
"309",3,1,1,3,3,1,3,2,3,1,1,2,1,2,2,2,2,1
"310",3,2,1,2,2,1,3,2,3,1,2,2,2,2,2,2,2,2
"311",2,2,1,1,2,5,2,2,3,1,1,2,1,1,1,2,2,1
"312",2,2,1,1,1,3,2,3,3,1,2,1,1,2,2,2,1,2
"313",2,1,1,1,3,5,3,1,3,1,2,2,1,1,2,1,2,1
"314",5,1,1,2,2,1,4,1,2,1,2,2,2,2,2,2,2,2
"315",2,1,1,2,3,7,3,1,3,1,2,1,2,1,1,1,2,1
"316",2,1,1,2,2,7,1,2,3,1,1,2,1,2,2,1,1,1
"317",4,2,1,2,3,1,5,1,3,1,2,2,2,2,2,2,2,2
"318",3,2,1,2,3,5,3,1,3,1,2,2,2,2,2,2,1,1
"319",3,2,1,3,3,1,3,1,4,1,2,2,1,1,2,2,2,1
"320",3,2,1,2,2,1,4,2,3,1,2,2,2,2,2,1,1,2
"321",5,1,1,2,3,1,4,1,3,1,2,2,2,2,2,2,1,1
"322",3,2,1,2,2,3,3,2,3,1,2,2,2,2,2,1,1,2
"323",2,2,1,2,2,1,2,2,3,1,2,2,1,1,1,2,1,1
"324",2,1,1,2,3,1,2,1,3,1,2,2,2,1,2,1,2,1
"325",2,2,1,2,3,5,3,2,3,1,1,2,1,1,2,1,2,1
"326",5,1,1,2,2,1,5,1,3,1,2,2,2,2,2,2,1,2
"327",2,1,2,1,3,7,2,2,4,2,2,2,1,2,2,1,2,2
"328",2,2,1,2,4,2,3,1,3,2,2,2,1,1,1,1,2,1
"329",2,1,1,2,2,1,3,2,3,2,2,2,1,2,2,2,2,2
"330",2,2,2,1,2,3,2,3,3,2,2,2,1,2,2,2,2,1
"331",2,1,2,1,2,5,2,2,3,2,2,2,1,2,2,2,2,2
"332",2,2,1,1,3,7,3,2,4,2,2,2,1,2,2,2,2,2
"333",2,2,2,1,2,5,2,2,3,2,2,2,1,2,2,2,2,2
"334",2,2,1,2,4,1,3,1,3,2,2,2,1,1,2,1,2,1
"335",3,2,2,1,3,1,3,1,4,2,2,2,1,2,2,2,2,2
"336",2,2,1,3,3,1,3,2,3,2,2,2,1,2,2,1,2,2
"337",2,2,1,2,3,6,2,2,3,2,2,2,1,1,1,2,2,1
"338",3,2,1,2,3,1,3,2,3,2,2,2,1,2,2,2,2,2
"339",3,1,1,3,2,3,1,2,3,2,2,2,1,1,1,1,2,1
"340",2,2,1,2,2,1,2,2,3,2,2,2,1,1,2,1,2,1
"341",2,2,3,1,2,1,2,2,3,2,2,2,1,2,2,2,2,2
"342",2,2,2,1,2,5,2,2,3,2,2,2,1,2,2,1,2,1
"343",3,2,1,2,2,3,4,2,4,2,2,2,1,2,2,2,2,2
"344",2,2,1,3,3,4,3,1,4,2,2,2,1,1,2,2,2,1
"345",2,2,2,1,3,1,1,1,3,2,2,2,1,2,2,2,2,2
"346",2,1,2,1,2,6,1,2,4,2,2,2,1,1,2,2,2,1
"347",2,2,1,1,3,1,2,1,3,2,2,2,1,2,2,2,2,2
"348",2,2,1,2,3,3,3,1,3,2,2,2,1,2,2,2,2,2
"349",3,2,1,3,1,7,1,2,3,2,2,2,1,2,2,2,2,2
"350",2,2,2,1,1,5,2,2,3,2,2,2,1,1,2,1,2,1
"351",2,2,1,1,2,3,2,2,3,2,2,2,1,2,2,2,2,2
"352",2,1,2,1,3,1,2,1,3,2,2,2,1,2,2,2,2,2
"353",2,2,1,2,2,6,2,2,3,2,2,2,1,2,2,2,2,2
"354",2,2,3,2,3,1,3,2,3,2,2,2,1,2,2,2,2,2
"355",2,2,1,2,4,7,2,1,3,2,2,2,1,2,2,2,2,2
"356",3,1,1,2,2,6,3,2,3,2,2,2,1,2,2,2,2,2
"357",5,1,1,2,1,7,1,1,1,2,2,2,1,2,2,2,2,2
"358",2,1,1,1,4,1,3,1,3,2,2,2,1,1,2,1,2,2
"359",3,2,1,3,3,5,3,2,3,2,2,2,1,1,2,2,2,1
"360",2,1,2,1,2,1,2,2,3,2,2,2,1,2,2,2,2,2
"361",4,2,1,2,2,1,4,1,3,2,2,2,1,2,2,2,2,2
"362",2,2,1,2,2,3,2,2,3,2,2,2,1,1,2,2,2,1
"363",2,2,1,2,3,1,3,2,4,2,2,2,1,1,2,1,2,1
"364",2,2,1,3,2,1,3,2,1,2,2,2,1,2,2,2,2,2
"365",4,1,1,2,3,7,5,1,5,2,2,2,1,2,1,2,2,1
"366",2,1,2,1,2,7,2,3,1,2,2,2,1,1,1,1,2,1
"367",2,2,1,2,2,5,2,2,3,2,2,2,1,1,2,1,1,1
"368",3,2,1,2,3,1,3,2,4,2,2,2,1,2,2,2,2,2
"369",3,2,1,3,3,1,4,1,2,2,2,2,1,2,2,2,2,1
"370",2,2,2,1,2,3,2,2,4,2,2,2,1,1,2,2,2,1
"371",2,2,2,1,3,7,2,2,3,2,2,2,1,2,2,2,2,2
"372",3,2,1,2,2,3,3,2,4,2,2,2,1,2,1,1,2,1
"373",3,2,1,2,3,1,3,2,3,2,2,2,1,1,2,1,2,1
"374",2,2,1,2,4,5,4,1,3,2,2,2,1,2,2,1,2,2
"375",3,2,1,3,3,1,4,2,3,2,2,2,1,2,2,2,2,2
"376",2,2,2,1,2,7,1,2,3,2,2,2,1,2,2,2,2,1
"377",5,1,1,2,4,4,5,1,1,2,2,2,1,2,2,2,2,2
"378",3,2,1,3,2,1,3,2,3,2,2,2,1,2,2,1,2,2
"379",3,2,1,2,2,1,3,2,3,2,2,2,1,2,2,2,2,2
"380",3,2,1,3,2,7,3,2,2,2,2,2,1,2,2,2,2,2
"381",3,2,1,2,4,1,3,1,3,2,2,2,1,2,2,2,1,2
"382",2,2,1,3,2,5,3,1,2,2,2,2,1,1,1,1,2,1
"383",3,2,1,2,2,6,3,1,3,2,2,2,1,2,2,2,2,2
"384",3,2,2,1,3,2,2,2,3,2,2,2,1,2,2,2,2,2
"385",3,2,1,2,3,1,3,1,3,2,2,2,1,2,2,1,2,2
"386",2,2,2,1,3,7,2,2,4,2,2,2,1,1,2,1,2,1
"387",2,2,1,2,2,3,2,2,3,2,2,2,1,2,1,2,2,1
"388",3,2,1,3,4,7,4,1,3,2,2,2,1,2,2,2,2,2
"389",1,2,2,1,3,2,1,3,3,2,2,2,1,2,2,2,2,2
"390",3,2,1,3,2,4,4,1,5,2,2,2,1,2,2,2,2,2
"391",3,2,1,2,3,1,4,2,3,2,2,2,1,2,2,1,2,2
"392",2,2,1,2,3,6,3,2,3,2,2,2,1,1,2,1,2,1
"393",3,2,1,3,2,1,3,2,3,2,2,2,1,1,2,2,2,1
"394",5,1,1,2,2,7,4,1,3,2,1,2,2,1,1,1,2,1
"395",1,1,2,1,2,3,2,2,3,2,2,2,1,2,2,2,2,2
"396",2,2,2,1,3,1,2,3,3,2,2,2,1,2,2,2,2,2
"397",2,2,2,1,3,1,2,2,3,2,2,2,1,2,2,2,2,2
"398",2,2,2,1,3,4,3,2,3,2,2,2,1,2,1,2,2,1
"399",2,2,2,1,3,1,3,1,4,2,2,2,1,1,2,2,2,1
"400",3,2,1,3,2,6,1,1,3,2,2,1,1,1,1,2,1,1
"401",2,1,2,1,2,1,1,2,3,2,2,2,1,1,1,1,2,1
"402",2,2,2,1,2,7,2,2,3,2,1,2,2,1,1,1,1,1
"403",2,1,1,2,3,5,3,1,4,2,2,2,1,1,2,1,2,2
"404",3,2,1,3,4,4,4,1,3,2,2,2,1,2,2,1,2,2
"405",2,2,1,2,4,1,3,1,3,2,2,2,1,2,1,1,2,2
"406",3,2,1,3,3,1,4,1,4,2,1,2,1,1,1,1,1,1
"407",2,2,1,3,1,3,2,2,3,2,2,2,1,2,2,2,2,2
"408",2,2,1,2,2,3,2,2,3,2,2,2,1,2,2,1,2,2
"409",5,2,1,2,2,3,4,1,3,2,2,2,1,2,2,2,2,2
"410",2,2,2,1,3,2,3,2,3,2,2,2,1,1,2,1,2,2
"411",2,2,1,1,3,5,2,1,3,2,2,2,2,2,2,2,2,2
"412",2,2,1,2,3,6,2,1,3,2,2,2,1,2,2,2,2,2
"413",2,2,1,3,2,3,2,2,3,2,2,2,1,2,2,2,2,2
"414",3,1,1,2,1,6,1,1,3,2,2,2,1,2,2,2,2,2
"415",3,2,1,3,2,6,3,2,3,2,1,2,1,2,2,1,2,1
"416",3,1,1,3,3,1,3,1,3,2,2,2,1,1,1,2,2,1
"417",2,2,1,2,3,4,3,2,3,2,1,2,1,1,2,1,2,1
"418",2,2,1,2,3,5,3,2,3,2,2,2,1,2,2,2,1,1
"419",2,1,2,1,2,1,1,1,3,2,2,2,1,2,2,2,2,2
"420",2,2,1,2,3,1,3,1,3,2,2,2,1,2,2,2,2,2
"421",2,2,1,2,3,1,3,3,4,2,2,2,1,2,2,1,2,1
"422",4,1,1,2,1,7,2,1,3,2,2,2,1,2,2,2,2,2
"423",2,2,1,2,2,5,2,2,3,2,2,2,1,2,2,1,2,1
"424",3,2,1,3,2,5,3,2,3,2,2,2,1,2,2,1,2,1
"425",2,2,1,2,2,3,3,2,3,2,2,2,1,2,2,2,2,2
"426",2,2,1,1,2,3,2,2,3,2,2,1,2,1,2,1,2,1
"427",5,1,1,2,2,1,4,1,3,2,2,2,1,2,2,2,2,2
"428",3,2,1,1,3,1,4,1,3,2,2,2,1,2,2,2,2,2
"429",2,2,1,1,3,1,3,1,4,2,2,2,1,2,2,2,2,2
"430",2,2,1,2,2,7,3,2,3,2,2,2,1,2,2,1,2,2
"431",4,1,1,2,2,1,3,1,3,2,2,2,1,2,2,1,2,2
"432",4,2,1,2,1,3,4,1,3,2,2,2,1,2,2,2,2,2
"433",4,1,1,2,3,1,5,1,3,2,2,2,1,1,1,1,2,1
"434",3,1,1,2,4,2,3,1,3,2,2,2,1,2,2,2,2,2
"435",2,2,1,2,3,1,3,1,3,2,2,2,1,2,2,2,2,2
"436",3,2,1,2,3,1,3,2,3,2,2,2,1,2,2,2,2,2
"437",3,2,1,3,3,1,4,2,3,2,2,2,1,1,2,2,2,1
"438",2,2,1,3,2,5,3,2,3,2,1,2,1,1,1,1,2,1
"439",2,2,2,1,3,7,1,2,4,2,2,2,1,2,2,2,2,2
"440",3,2,1,2,2,3,3,2,3,2,2,1,1,2,2,1,2,1
"441",3,2,1,3,2,3,4,2,4,2,2,2,1,2,2,2,2,2
"442",5,2,1,2,2,4,5,1,5,2,2,2,1,1,1,2,2,1
"443",2,1,2,1,2,7,2,2,3,2,2,2,1,1,2,1,2,1
"444",2,2,2,1,2,1,2,2,3,2,2,2,1,2,2,2,2,2
"445",4,1,1,2,2,5,3,1,3,2,2,2,1,2,2,2,2,2
"446",2,2,2,1,1,3,1,2,3,2,2,2,1,2,2,2,2,2
"447",2,2,2,1,3,1,2,2,4,2,2,2,1,2,2,1,2,2
"448",3,2,1,2,2,2,3,2,4,2,2,2,1,2,2,2,2,1
"449",2,2,1,2,4,1,3,1,4,2,2,2,1,2,2,2,2,2
"450",3,2,1,2,2,3,3,2,3,2,2,2,1,2,2,2,2,2
"451",3,2,2,1,4,7,4,1,1,2,2,2,1,2,2,2,2,2
"452",3,2,1,2,3,7,3,1,3,2,2,2,1,2,2,1,2,1
"453",2,2,1,2,2,3,3,2,3,2,2,2,1,2,2,2,1,2
"454",4,1,1,2,2,1,3,1,3,2,1,2,1,1,1,1,2,1
"455",2,1,2,1,2,7,2,2,3,2,2,2,1,1,2,1,2,1
"456",3,1,1,2,2,6,2,2,3,2,2,2,1,2,2,2,2,2
"457",2,2,1,2,2,5,3,2,3,2,2,2,1,2,2,2,2,2
"458",4,2,1,2,2,4,4,2,5,2,1,2,1,1,1,1,2,1
"459",3,2,1,3,2,1,4,2,3,2,2,2,1,1,2,1,2,2
"460",4,2,1,2,2,1,3,2,3,2,2,2,1,2,2,2,2,2
"461",3,1,1,2,2,7,3,2,3,2,2,2,1,1,2,1,2,1
"462",2,2,1,2,2,3,3,1,3,2,2,2,2,2,2,2,2,2
"463",2,1,2,1,2,1,1,2,4,2,2,2,1,2,2,1,2,1
"464",2,2,1,1,3,7,2,2,4,2,2,2,1,1,2,1,2,1
"465",3,1,1,3,3,1,3,2,3,2,2,2,1,1,1,2,2,1
"466",3,2,1,3,2,3,3,2,3,2,2,2,1,2,2,2,2,2
"467",3,2,1,3,4,1,3,1,4,2,2,2,1,1,2,1,2,2
"468",4,1,1,2,4,1,4,3,3,2,2,2,1,2,2,1,2,2
"469",3,2,1,2,2,3,3,1,3,2,2,2,2,1,2,1,1,1
"470",3,1,1,2,2,1,2,2,3,2,2,2,1,2,2,2,2,2
"471",2,2,1,2,2,5,3,2,3,2,2,2,1,2,2,2,2,2
"472",3,1,1,3,4,1,4,1,3,2,2,2,1,2,1,2,2,2
"473",3,2,1,2,3,1,4,2,3,2,2,2,1,2,2,2,2,2
"474",3,1,1,1,4,4,5,1,3,2,2,2,1,1,2,2,2,2
"475",2,1,1,1,3,7,2,2,4,2,1,2,1,1,1,1,2,1
"476",3,2,1,2,4,2,4,1,3,2,2,2,1,1,2,2,2,1
"477",2,2,1,2,2,3,1,2,4,2,2,2,1,2,2,2,2,2
"478",2,2,1,2,4,1,3,1,4,2,2,2,1,1,1,1,2,1
"479",2,1,2,1,2,7,1,1,3,2,2,2,1,2,2,2,2,2
"480",3,2,1,1,3,4,4,1,4,2,2,2,1,2,2,2,2,2
"481",4,1,1,2,3,6,5,1,4,2,2,2,1,2,2,1,2,2
"482",2,1,1,2,4,1,4,1,3,2,2,2,1,1,1,2,2,1
"483",5,2,1,3,4,2,4,1,3,2,2,2,1,2,2,2,2,2
"484",5,1,1,2,2,7,4,1,1,2,2,2,1,2,1,2,2,2
"485",5,1,1,2,4,1,5,1,4,2,2,1,1,1,1,2,2,1
"486",3,2,1,2,2,3,3,2,3,2,2,2,1,1,2,2,1,1
"487",3,2,1,2,2,3,3,2,3,2,2,2,1,1,2,2,2,1
"488",2,1,1,1,2,1,2,2,3,2,2,2,1,2,2,1,2,2
"489",3,1,1,3,2,1,3,2,3,2,2,2,1,2,2,2,2,2
"490",2,2,2,1,3,1,2,2,3,2,1,2,1,2,1,1,2,1
"491",4,2,1,2,1,3,3,1,3,2,2,2,1,2,2,2,2,2
"492",2,2,1,2,2,5,2,2,3,2,2,2,1,2,2,2,2,2
"493",2,2,1,1,3,1,2,2,4,2,2,2,1,2,2,1,2,2
"494",2,2,2,1,3,7,1,2,3,2,1,2,1,2,2,2,2,2
"495",4,2,1,2,3,4,5,1,3,2,2,2,1,2,2,2,2,2
"496",3,2,3,3,2,1,4,1,4,2,2,2,1,2,2,1,2,1
"497",2,2,2,1,2,6,1,3,3,2,2,2,1,1,2,1,1,1
"498",4,2,3,2,4,1,4,1,3,2,2,2,2,1,1,1,2,1
"499",5,1,1,2,4,1,5,1,3,2,2,2,1,1,2,1,2,1
"500",2,2,1,2,2,3,2,2,1,2,2,2,1,2,2,2,2,2
"501",3,2,1,2,2,3,2,3,5,2,2,2,1,2,2,2,2,2
"502",2,2,1,2,2,3,2,2,3,2,2,2,1,1,2,2,2,2
"503",2,1,2,1,2,7,2,2,3,2,2,2,1,1,2,1,2,2
"504",2,2,1,3,3,1,3,2,3,2,2,2,1,2,2,2,2,2
"505",4,2,1,2,2,3,3,1,3,2,1,2,1,1,2,1,1,1
"506",1,2,2,1,1,3,2,2,3,2,2,2,1,2,2,2,2,2
"507",4,1,1,2,4,2,5,1,1,2,1,2,1,2,2,2,2,1
"508",2,2,1,2,2,7,3,1,5,2,2,2,1,2,2,2,2,2
"509",2,2,2,1,2,1,1,2,3,2,1,2,1,1,1,1,2,1
"510",5,2,1,2,2,5,5,1,1,2,2,2,1,2,2,1,2,2
"511",5,2,1,2,4,1,5,1,3,2,2,2,1,2,2,2,2,2
"512",3,2,1,2,2,3,3,2,3,2,2,2,1,2,2,2,2,2
"513",2,2,1,2,1,7,1,2,3,2,2,2,1,2,2,2,2,2
"514",2,2,1,2,2,3,2,2,3,2,1,1,1,1,2,1,2,1
"515",4,2,1,2,1,3,3,1,3,2,2,1,1,2,2,2,2,1
"516",2,2,1,1,2,3,2,2,3,2,1,2,1,2,1,1,1,1
"517",2,2,2,1,2,1,2,3,3,2,2,2,1,2,2,2,2,2
"518",3,2,1,2,2,3,4,1,3,2,2,2,1,2,2,2,2,2
"519",2,2,1,1,2,3,2,2,1,2,2,2,1,2,2,2,2,1
"520",4,2,1,2,3,1,5,1,3,2,2,2,1,2,2,2,2,2
"521",3,2,1,2,2,3,2,2,3,2,2,2,1,1,1,1,2,1
"522",3,1,1,2,2,6,3,1,3,2,2,2,1,2,2,2,2,2
"523",2,1,1,2,2,1,2,2,3,2,2,2,1,2,2,2,2,2
"524",2,1,2,1,4,7,3,1,4,2,1,2,1,1,2,1,2,1
"525",3,2,1,2,3,3,4,1,4,2,2,2,1,1,2,2,2,2
"526",2,1,2,1,2,1,1,2,5,2,2,2,1,2,2,2,2,1
"527",2,2,2,1,2,3,2,2,3,2,2,2,1,2,2,2,2,2
"528",2,2,1,2,2,3,3,2,4,2,2,2,1,1,2,1,2,1
"529",2,2,1,1,2,1,1,2,3,2,2,2,1,2,2,2,2,2
"530",5,1,1,2,3,6,1,1,1,2,1,2,1,1,1,1,2,1
"531",5,1,1,2,4,1,5,1,3,2,2,2,1,2,2,2,2,2
"532",3,2,1,2,2,1,3,1,4,2,1,2,1,2,2,1,2,2
"533",3,2,1,3,3,7,3,1,4,2,2,2,1,2,2,2,2,1
"534",2,2,1,3,3,2,3,1,2,2,2,2,1,2,2,1,2,2
"535",2,2,2,1,2,6,1,2,3,2,2,2,1,1,2,1,2,1
"536",3,2,1,2,2,3,3,2,3,2,2,2,1,2,2,1,2,2
"537",2,1,2,1,2,5,2,2,3,2,1,2,1,2,2,2,2,2
"538",4,1,1,2,2,1,4,1,2,2,2,2,1,2,2,2,2,2
"539",3,2,1,2,2,5,3,1,3,2,2,2,1,2,2,2,2,2
"540",2,2,1,1,3,1,3,1,3,2,2,2,1,1,2,1,2,1
"541",3,2,1,3,2,1,3,2,3,2,2,2,1,2,2,2,2,2
"542",2,1,2,1,2,7,1,2,1,2,2,2,1,2,2,2,2,2
"543",2,2,1,2,3,4,2,1,3,2,2,2,1,1,2,2,2,1
"544",5,2,1,2,4,1,5,1,3,2,2,2,1,2,2,1,2,2
"545",5,1,1,2,2,1,5,1,3,2,2,2,1,1,1,2,2,1
"546",3,2,1,2,2,7,3,2,3,2,2,2,1,2,2,2,2,2
"547",2,2,2,1,2,1,2,2,3,2,1,2,1,1,2,1,2,1
"548",3,2,1,2,2,3,4,2,4,2,2,2,1,2,2,2,2,2
"549",2,2,1,1,1,7,1,2,3,2,2,2,1,2,2,2,2,2
"550",3,1,1,2,3,1,3,2,3,2,2,2,1,2,1,1,2,1
"551",2,2,1,1,2,5,2,2,3,2,2,2,1,2,2,1,2,1
"552",4,2,1,2,2,3,3,2,3,2,2,2,1,2,2,2,2,2
"553",4,2,1,2,2,5,3,2,3,2,2,2,1,2,2,2,1,1
"554",5,1,1,2,1,7,1,1,1,2,2,2,1,2,2,2,2,2
"555",3,2,1,2,2,3,3,2,4,2,2,2,1,2,2,2,2,2
"556",3,2,1,3,2,7,3,1,4,2,2,2,2,2,1,2,2,1
"557",4,2,1,2,2,1,3,2,4,2,2,2,1,2,2,2,2,2
"558",2,2,1,2,3,7,3,2,4,2,2,2,1,1,2,2,2,2
"559",1,2,2,1,1,5,1,3,3,2,2,2,1,2,2,1,2,2
"560",3,2,1,2,3,1,4,2,3,2,2,2,1,2,2,2,2,2
"561",5,2,1,2,2,1,5,1,3,2,2,2,1,2,2,2,2,1
"562",4,2,1,2,2,4,4,1,3,2,2,2,2,1,1,1,2,1
"563",3,2,1,3,2,3,3,2,3,2,1,2,1,2,2,1,2,1
"564",2,1,2,1,3,1,2,2,3,2,2,1,1,1,2,2,2,2
"565",2,1,2,1,3,1,2,1,3,2,2,2,1,2,2,2,2,2
"566",3,2,1,2,2,5,3,2,3,2,2,2,1,1,2,1,2,2
"567",2,2,1,2,2,3,2,2,3,2,2,2,1,2,2,2,2,2
"568",2,2,1,1,3,7,3,1,3,2,2,2,1,2,2,2,2,2
"569",3,2,1,2,2,3,3,2,3,2,2,2,1,2,2,2,2,2
"570",2,2,1,2,2,3,2,3,3,2,1,2,2,1,2,1,1,1
"571",4,2,1,2,2,3,3,2,3,2,2,2,1,2,2,2,1,2
"572",3,1,1,3,2,5,3,1,3,2,2,2,1,2,2,2,2,2
"573",3,2,1,2,2,3,3,2,3,2,2,2,1,1,2,1,2,1
"574",5,2,1,2,2,4,3,1,3,2,2,2,1,2,2,2,2,2
"575",2,2,1,2,2,3,2,2,3,2,2,2,2,1,1,1,1,1
"576",4,2,1,2,1,7,1,2,3,2,2,2,1,2,2,2,2,2
"577",4,2,1,2,2,3,4,1,3,2,2,2,1,2,2,1,1,1
"578",4,2,1,3,4,2,4,2,3,2,2,2,1,2,2,2,2,2
"579",2,1,2,1,3,7,2,2,3,2,2,1,1,2,2,1,2,2
"580",4,1,1,2,4,1,4,1,3,2,2,2,1,2,1,1,2,2
"581",3,1,1,2,2,6,3,2,3,2,2,2,1,2,2,2,2,2
"582",3,2,1,3,2,3,3,2,3,2,2,2,1,2,2,2,2,2
"583",4,2,1,2,3,1,4,1,3,2,2,2,1,1,2,2,2,1
"584",2,2,1,2,2,3,3,2,3,2,2,2,1,2,2,1,2,2
"585",4,2,1,2,3,7,3,1,3,2,2,2,1,2,2,1,2,2
"586",3,2,1,2,2,3,3,2,3,2,1,2,1,1,1,1,2,1
"587",3,2,2,1,2,6,3,1,5,2,2,2,1,2,1,2,2,2
"588",2,1,1,1,2,3,2,2,1,2,1,2,1,1,1,1,1,1
"589",3,1,1,3,4,7,3,2,3,2,2,2,1,2,2,2,2,2
"590",3,2,1,3,2,1,3,1,3,2,2,2,1,2,2,2,2,2
"591",4,2,3,2,1,5,3,1,3,2,2,2,1,2,2,2,2,2
"592",2,2,1,2,2,1,2,2,3,2,2,2,1,2,2,1,2,1
"593",2,2,2,1,3,1,2,2,4,2,2,2,1,2,2,2,2,2
"594",1,2,2,1,2,7,1,2,3,2,1,2,1,1,2,1,2,2
"595",4,2,1,2,2,5,4,1,4,2,2,2,1,2,2,2,2,2
"596",5,1,1,3,2,7,5,1,3,2,2,2,1,2,2,2,2,2
"597",4,2,1,2,1,5,3,1,3,2,2,2,1,2,2,2,2,2
"598",5,2,1,2,2,1,4,2,3,2,2,2,1,2,2,2,2,2
"599",3,2,1,3,3,1,4,1,3,2,2,2,1,2,2,2,2,1
"600",2,2,2,1,2,3,2,2,3,2,2,2,1,2,2,2,2,2
"601",2,1,1,2,3,1,2,1,1,2,2,2,1,2,2,2,2,2
"602",3,2,1,3,2,1,3,2,3,2,2,2,1,2,2,2,2,2
"603",4,2,1,2,1,5,3,1,3,2,1,2,1,1,1,1,1,1
"604",2,2,1,3,2,7,3,1,4,2,2,2,1,2,2,2,2,1
"605",2,2,1,1,3,7,3,1,3,2,2,2,1,2,2,2,2,2
"606",4,2,1,2,1,7,3,1,3,2,2,2,1,2,2,2,2,2
"607",3,1,1,3,2,1,3,2,1,2,2,2,1,1,2,2,2,1
"608",3,2,1,2,2,3,3,2,3,2,2,2,1,2,2,2,2,2
"609",4,2,1,2,3,1,5,1,3,2,2,2,1,1,1,1,2,1
"610",3,1,1,3,2,1,3,2,3,2,2,1,1,1,1,1,2,1
"611",3,2,1,1,1,1,3,1,3,2,2,2,1,2,2,2,2,2
"612",4,1,1,2,3,1,4,2,4,2,2,2,1,1,1,1,2,1
"613",3,1,1,3,4,1,4,1,3,2,2,2,1,1,1,1,1,1
"614",4,2,1,2,4,3,5,2,3,2,2,2,1,2,2,1,2,2
"615",5,2,1,3,3,7,5,1,4,2,1,2,1,1,1,2,2,1
"616",5,2,1,2,2,7,5,3,4,2,1,2,1,1,1,1,2,1
"617",2,1,2,1,2,7,2,2,3,2,2,2,1,1,2,2,2,2
"618",2,1,1,1,3,1,2,1,3,2,2,2,1,2,2,2,2,2
"619",4,1,1,3,2,1,4,2,4,2,2,2,1,1,1,2,1,1
"620",3,2,1,3,2,3,3,2,4,2,1,2,1,2,2,2,2,2
"621",2,1,2,1,2,1,1,2,5,2,2,2,1,2,2,2,2,1
"622",2,2,1,3,2,3,3,2,3,2,2,2,1,2,2,2,2,1
"623",2,2,1,3,2,3,3,2,3,2,2,2,1,1,1,2,2,1
"624",3,1,1,3,3,1,4,2,3,2,1,2,1,1,1,1,2,2
"625",4,1,1,2,4,1,5,1,3,2,2,2,1,1,2,1,2,2
"626",3,1,1,3,2,3,2,2,3,2,2,2,1,2,2,2,2,2
"627",5,2,1,2,3,6,5,1,3,2,2,2,1,2,2,2,2,2
"628",2,2,1,3,2,3,2,2,3,2,2,2,1,1,1,1,2,1
"629",3,2,1,3,2,3,2,2,3,2,2,2,1,2,2,2,2,2
"630",4,2,1,2,1,3,3,1,3,2,2,2,1,2,2,2,2,2
"631",2,2,1,2,2,3,2,2,3,2,2,2,1,2,2,2,2,2
"632",4,1,1,2,4,1,5,1,3,2,2,2,1,1,2,1,1,1
"633",3,2,1,2,2,3,3,2,3,2,2,2,1,2,1,2,1,2
"634",2,1,1,1,2,7,1,2,3,2,2,2,1,2,2,2,2,2
"635",4,1,1,2,4,1,5,1,4,2,2,1,2,1,1,1,2,2
"636",3,2,1,2,2,1,4,1,3,2,2,2,1,2,2,2,1,2
"637",3,2,1,3,2,3,2,2,1,2,2,2,1,2,2,1,2,2
"638",2,1,1,2,2,7,1,2,3,2,1,2,2,1,1,1,1,1
"639",4,2,1,2,2,3,3,1,3,2,2,2,1,1,2,1,2,2
"640",2,2,1,2,2,3,2,2,1,2,1,1,1,1,1,1,2,1
"641",1,1,2,1,2,1,1,2,5,2,2,2,1,1,2,2,2,1
"642",3,2,1,2,2,3,3,2,4,2,1,2,1,2,2,2,2,1
"643",2,1,1,2,2,7,1,2,3,2,2,2,1,2,2,2,2,2
"644",4,2,1,2,1,1,3,1,1,2,1,2,1,2,2,1,1,2
"645",5,2,1,2,2,3,4,1,3,2,2,2,1,2,2,1,2,2
"646",4,1,1,2,2,1,3,2,3,2,1,2,1,2,2,1,2,1
"647",4,2,1,2,1,3,3,1,3,2,2,2,1,2,1,2,1,2
"648",3,2,1,2,4,7,4,1,4,2,1,2,1,1,1,1,2,1
"649",3,2,1,2,4,4,4,1,3,2,2,2,1,2,2,2,2,2
"650",2,2,1,2,3,1,3,1,3,2,1,2,1,2,2,1,2,1
"651",2,2,1,2,2,3,2,2,3,2,2,2,1,2,2,2,2,1
"652",3,2,1,2,3,1,3,1,3,2,1,2,1,1,1,1,2,1
"653",3,2,3,2,3,1,4,1,3,2,1,2,1,1,2,1,2,2
"654",3,1,1,3,1,7,2,1,4,2,2,2,1,2,2,2,2,2
"655",3,1,1,2,3,5,3,1,3,2,2,2,1,2,2,1,2,1
"656",3,2,1,3,3,7,3,2,3,2,2,2,1,2,1,1,1,1
"657",3,2,1,3,4,1,4,1,3,2,2,2,1,2,2,1,2,2
"658",3,2,1,2,2,3,3,1,3,2,2,2,1,2,2,2,2,2
"659",4,2,1,2,2,4,5,1,3,2,2,2,1,2,2,1,2,2
